[
  {
    "model": "geo_handbook.TypeWork",
    "pk": 1,
    "fields": {
      "type": "Строительство"
    }
  },
  {
    "model": "geo_handbook.TypeWork",
    "pk": 2,
    "fields": {
      "type": "Лицензирование"
    }
  },
  {
    "model": "geo_handbook.TypeWork",
    "pk": 3,
    "fields": {
      "type": "Проектирование"
    }
  },
  {
    "model": "geo_handbook.LegalAddress",
    "pk": 1,
    "fields": {
      "postcode": 141200,
      "city": "Пушкино",
      "street": "ул. Горького",
      "house_number": 5
    }
  },
  {
    "model": "geo_handbook.LegalAddress",
    "pk": 2,
    "fields": {
      "postcode": 422701,
      "city": "с. Высокая Гора",
      "street": "ул. Озерная",
      "house_number": 77
    }
  },
  {
    "model": "geo_handbook.LegalAddress",
    "pk": 3,
    "fields": {
      "postcode": 445005,
      "city": "Тольятти",
      "street": "ул. Зеленая",
      "house_number": 9
    }
  },
  {
    "model": "geo_handbook.LegalAddress",
    "pk": 4,
    "fields": {
      "postcode": 625006,
      "city": "Тюмень",
      "street": "ул. 50 лет Октября",
      "house_number": 1
    }
  },
  {
    "model": "geo_handbook.LegalAddress",
    "pk": 5,
    "fields": {
      "postcode": 614036,
      "city": "Пермь",
      "street": "ул. Одоевского",
      "house_number": 22
    }
  },
  {
    "model": "geo_handbook.LegalAddress",
    "pk": 6,
    "fields": {
      "postcode": 309191,
      "city": "Губкин",
      "street": "промышленная зона, промплощадка ЛГОКа",
      "house_number": 5
    }
  },
  {
    "model": "geo_handbook.LegalAddress",
    "pk": 7,
    "fields": {
      "postcode": 185035,
      "city": "Петрозаводск",
      "street": "ул. Кирова",
      "house_number": 5
    }
  },
  {
    "model": "geo_handbook.LegalAddress",
    "pk": 8,
    "fields": {
      "postcode": 443100,
      "city": "Самара",
      "street": "ул. Невская",
      "house_number": 3
    }
  },
  {
    "model": "geo_handbook.LegalAddress",
    "pk": 9,
    "fields": {
      "postcode": 302030,
      "city": "Орёл",
      "street": "площадь Мира",
      "house_number": 7
    }
  },
  {
    "model": "geo_handbook.LegalAddress",
    "pk": 10,
    "fields": {
      "postcode": 398902,
      "city": "Липецк",
      "street": "ул. Ново-Весовая",
      "house_number": 23
    }
  },
  {
    "model": "geo_handbook.SRO",
    "pk": 1,
    "fields": {
      "full_name": "СРО \"АИИС\"",
      "date": "2012-09-21",
      "number": "2285"
    }
  },
  {
    "model": "geo_handbook.SRO",
    "pk": 2,
    "fields": {
      "full_name": "СРО \"АИИС\"",
      "date": "2012-11-13",
      "number": "2297"
    }
  },
  {
    "model": "geo_handbook.SRO",
    "pk": 3,
    "fields": {
      "full_name": "СРО \"АИИС\"",
      "date": "2021-03-02",
      "number": "2849"
    }
  },
  {
    "model": "geo_handbook.SRO",
    "pk": 4,
    "fields": {
      "full_name": "СРО \"АИИС\"",
      "date": "2011-12-07",
      "number": "2152"
    }
  },
  {
    "model": "geo_handbook.SRO",
    "pk": 5,
    "fields": {
      "full_name": "СРО \"АИИС\"",
      "date": "2009-08-18",
      "number": "534"
    }
  },
  {
    "model": "geo_handbook.SRO",
    "pk": 6,
    "fields": {
      "full_name": "СРО \"АИИС\"",
      "date": "2010-01-18",
      "number": "1196"
    }
  },
  {
    "model": "geo_handbook.SRO",
    "pk": 7,
    "fields": {
      "full_name": "СРО \"АИИС\"",
      "date": "2009-09-03",
      "number": "398"
    }
  },
  {
    "model": "geo_handbook.SRO",
    "pk": 8,
    "fields": {
      "full_name": "СРО \"АИИС\"",
      "date": "2019-07-11",
      "number": "2765"
    }
  },
  {
    "model": "geo_handbook.SRO",
    "pk": 9,
    "fields": {
      "full_name": "СРО \"АИИС\"",
      "date": "2019-07-17",
      "number": "2770"
    }
  },
  {
    "model": "geo_handbook.SRO",
    "pk": 10,
    "fields": {
      "full_name": "СРО \"АИИС\"",
      "date": "2009-07-17",
      "number": "31"
    }
  },
  {
    "model": "geo_handbook.Company",
    "pk": 1,
    "fields": {
      "short_name": "ООО «Хельга-геодезия»",
      "full_name": "Общество с ограниченной ответственностью «Хельга-геодезия»",
      "firm_name": "",
      "city": "Пушкино",
      "area": "Московская обл",
      "rating": 3,
      "inn": 5038037496,
      "ogrn": 1035007554647,
      "sro": 1,
      "license": false,
      "license_date": "2019-07-17",
      "phonenumber": "+74965322462",
      "email": "company1@example.com",
      "url": "https://www.company1.com",
      "legal_address": 1
    }
  },
  {
    "model": "geo_handbook.Company",
    "pk": 2,
    "fields": {
      "short_name": "ООО «ГИЦ»",
      "full_name": "Общество с ограниченной ответственностью «Геологоизыскательский центр»",
      "firm_name": "",
      "city": "с. Высокая Гора",
      "area": "Республика Татарстан,  Высокогорский район",
      "rating": 4,
      "inn": 1616022395,
      "ogrn": 1121690060711,
      "sro": 2,
      "license": true,
      "license_date": null,
      "phonenumber": "+78432009795",
      "email": "gits2008@mail.ru",
      "url": "https://www.company2.com",
      "legal_address": 2
    }
  },
  {
    "model": "geo_handbook.Company",
    "pk": 3,
    "fields": {
      "short_name": "ООО НПФ «ВТ инжиниринг»",
      "full_name": "Общество с ограниченной ответственностью научно-производственная фирма «Высокие технологии инжиниринг»",
      "firm_name": "",
      "city": "Тольятти",
      "area": "Самарская обл",
      "rating": 4,
      "inn": 6322032632,
      "ogrn": 1056320128050,
      "sro": 3,
      "license": true,
      "license_date": null,
      "phonenumber": "+78482411399",
      "email": "info@vti-group.ru",
      "url": "https://www.company3.com",
      "legal_address": 3
    }
  },
  {
    "model": "geo_handbook.Company",
    "pk": 4,
    "fields": {
      "short_name": "ООО НПП «ЯмалЭГЭМП»",
      "full_name": "Общество с ограниченной ответственностью научно-производственное предприятие «Ямальское экологическое, геоэкологическое и мониторинговое предприятие»",
      "firm_name": "",
      "city": "Тюмень",
      "area": "Тюменская обл",
      "rating": 3,
      "inn": 8902012143,
      "ogrn": 1068901013060,
      "sro": 4,
      "license": true,
      "license_date": null,
      "phonenumber": "+73492244516",
      "email": "tan.59@mail.ru",
      "url": "https://www.company4.com",
      "legal_address": 4
    }
  },
  {
    "model": "geo_handbook.Company",
    "pk": 5,
    "fields": {
      "short_name": "ООО «Криптон»",
      "full_name": "Общество с ограниченной ответственностью «Криптон»",
      "firm_name": "",
      "city": "Пермь",
      "area": "Пермский край",
      "rating": 5,
      "inn": 5905273204,
      "ogrn": 1095905005349,
      "sro": 5,
      "license": true,
      "license_date": null,
      "phonenumber": "+73422268720",
      "email": "kripton_2009@mail.ru",
      "url": "https://www.company5.com",
      "legal_address": 5
    }
  },
  {
    "model": "geo_handbook.Company",
    "pk": 6,
    "fields": {
      "short_name": "АО «Лебединский ГОК»",
      "full_name": "Акционерное общество «Лебединский горно-обогатительный комбинат»",
      "firm_name": "",
      "city": "Губкин",
      "area": "Белгородская обл",
      "rating": 3,
      "inn": 3127000014,
      "ogrn": 1023102257914,
      "sro": 6,
      "license": true,
      "license_date": null,
      "phonenumber": "+74724194455",
      "email": "zhukov_an@nlmk.com",
      "url": "https://www.company6.com",
      "legal_address": 6
    }
  },
  {
    "model": "geo_handbook.Company",
    "pk": 7,
    "fields": {
      "short_name": "ООО «Горст»",
      "full_name": "Общество с ограниченной ответственностью «Горст»",
      "firm_name": "",
      "city": "Петрозаводск",
      "area": "Республика Карелия",
      "rating": 3,
      "inn": 1001136951,
      "ogrn": 1021000522993,
      "sro": 7,
      "license": true,
      "license_date": null,
      "phonenumber": "+78142761059",
      "email": "company7@example.com",
      "url": "https://www.company7.com",
      "legal_address": 7
    }
  },
  {
    "model": "geo_handbook.Company",
    "pk": 8,
    "fields": {
      "short_name": "ООО «ЭПСИ»",
      "full_name": "Общество с ограниченной ответственностью «ЭПСИ»",
      "firm_name": "",
      "city": "Самара",
      "area": "Самарская обл.",
      "rating": 4,
      "inn": 6316137690,
      "ogrn": 1086316009120,
      "sro": 8,
      "license": true,
      "license_date": null,
      "phonenumber": "+78462764121",
      "email": "9271155@gmail.com",
      "url": "https://www.company8.com",
      "legal_address": 8
    }
  },
  {
    "model": "geo_handbook.Company",
    "pk": 9,
    "fields": {
      "short_name": "ПАО «Орелстрой»",
      "full_name": "Публичное акционерное общество «Орелстрой»",
      "firm_name": "",
      "city": "Орёл",
      "area": "Орловская обл.",
      "rating": 3,
      "inn": 5751005940,
      "ogrn": 1025700764363,
      "sro": 9,
      "license": true,
      "license_date": null,
      "phonenumber": "+74862544956",
      "email": "auction@orelstroy.ru",
      "url": "https://www.company9.com",
      "legal_address": 9
    }
  },
  {
    "model": "geo_handbook.Company",
    "pk": 10,
    "fields": {
      "short_name": "ООО «Энергопроект»",
      "full_name": "Общество с ограниченной ответственностью «Энергопроект»",
      "firm_name": "",
      "city": "Липецк",
      "area": "Липецкая обл.",
      "rating": 4,
      "inn": 4813011550,
      "ogrn": 1084813000898,
      "sro": 10,
      "license": true,
      "license_date": null,
      "phonenumber": "+74742221590",
      "email": "ep@twmon.ru",
      "url": "https://www.company10.com",
      "legal_address": 10
    }
  },
  {
    "model": "geo_handbook.CompanySpecialization",
    "pk": 1,
    "fields": {
      "type_work": 1,
      "company": 1
    }
  },
  {
    "model": "geo_handbook.CompanySpecialization",
    "pk": 2,
    "fields": {
      "type_work": 2,
      "company": 1
    }
  },
  {
    "model": "geo_handbook.CompanySpecialization",
    "pk": 3,
    "fields": {
      "type_work": 2,
      "company": 2
    }
  },
  {
    "model": "geo_handbook.CompanySpecialization",
    "pk": 4,
    "fields": {
      "type_work": 2,
      "company": 3
    }
  },
  {
    "model": "geo_handbook.CompanySpecialization",
    "pk": 5,
    "fields": {
      "type_work": 1,
      "company": 4
    }
  },
  {
    "model": "geo_handbook.CompanySpecialization",
    "pk": 6,
    "fields": {
      "type_work": 2,
      "company": 4
    }
  },
  {
    "model": "geo_handbook.CompanySpecialization",
    "pk": 7,
    "fields": {
      "type_work": 3,
      "company": 4
    }
  },
  {
    "model": "geo_handbook.CompanySpecialization",
    "pk": 8,
    "fields": {
      "type_work": 1,
      "company": 5
    }
  },
  {
    "model": "geo_handbook.CompanySpecialization",
    "pk": 9,
    "fields": {
      "type_work": 2,
      "company": 5
    }
  },
  {
    "model": "geo_handbook.CompanySpecialization",
    "pk": 10,
    "fields": {
      "type_work": 3,
      "company": 6
    }
  },
  {
    "model": "geo_handbook.CompanySpecialization",
    "pk": 11,
    "fields": {
      "type_work": 1,
      "company": 7
    }
  },
  {
    "model": "geo_handbook.CompanySpecialization",
    "pk": 12,
    "fields": {
      "type_work": 3,
      "company": 7
    }
  },
  {
    "model": "geo_handbook.CompanySpecialization",
    "pk": 13,
    "fields": {
      "type_work": 1,
      "company": 8
    }
  },
  {
    "model": "geo_handbook.CompanySpecialization",
    "pk": 14,
    "fields": {
      "type_work": 1,
      "company": 9
    }
  },
  {
    "model": "geo_handbook.CompanySpecialization",
    "pk": 15,
    "fields": {
      "type_work": 2,
      "company": 9
    }
  },
  {
    "model": "geo_handbook.CompanySpecialization",
    "pk": 16,
    "fields": {
      "type_work": 2,
      "company": 10
    }
  },
  {
    "model": "geo_handbook.CompanySpecialization",
    "pk": 17,
    "fields": {
      "type_work": 3,
      "company": 10
    }
  },
  {
    "model": "geo_handbook.Branches",
    "pk": 1,
    "fields": {
      "postcode": 105187,
      "city": "Москва",
      "street": "ул. Щербаковская",
      "house_number": 33,
      "company": 1
    }
  },
  {
    "model": "geo_handbook.Branches",
    "pk": 2,
    "fields": {
      "postcode": 302029,
      "city": "Орел",
      "street": "пер. Межевой",
      "house_number": 15,
      "company": 3
    }
  },
  {
    "model": "geo_handbook.Branches",
    "pk": 3,
    "fields": {
      "postcode": 183025,
      "city": "Мурманск",
      "street": "ул. Карла Маркса",
      "house_number": 19,
      "company": 3
    }
  },
  {
    "model": "geo_handbook.Branches",
    "pk": 4,
    "fields": {
      "postcode": 659334,
      "city": "Бийск",
      "street": "ул. Пушкина",
      "house_number": 188,
      "company": 4
    }
  },
  {
    "model": "geo_handbook.Branches",
    "pk": 5,
    "fields": {
      "postcode": 123456,
      "city": "Петрозаводск",
      "street": "пр-кт Ленина",
      "house_number": 2,
      "company": 6
    }
  },
  {
    "model": "geo_handbook.Branches",
    "pk": 7,
    "fields": {
      "postcode": 141304,
      "city": "Сергиев-Посад",
      "street": "ул. Болотная",
      "house_number": 24,
      "company": 6
    }
  },
  {
    "model": "geo_handbook.Branches",
    "pk": 8,
    "fields": {
      "postcode": 420021,
      "city": "Казань",
      "street": "ул. Парижской Коммуны",
      "house_number": 8,
      "company": 7
    }
  },
  {
    "model": "geo_handbook.Branches",
    "pk": 9,
    "fields": {
      "postcode": 692511,
      "city": "Уссурийск",
      "street": "ул. Карбышева",
      "house_number": 27,
      "company": 9
    }
  },
  {
    "model": "geo_handbook.Branches",
    "pk": 10,
    "fields": {
      "postcode": 634029,
      "city": "Томск,",
      "street": "ул. Герцена",
      "house_number": 10,
      "company": 10
    }
  },
  {
    "model": "geo_handbook.Director",
    "pk": 1,
    "fields": {
      "name": "Роман",
      "surname": "Иванов",
      "father_name": "Александрович",
      "position": "Директор",
      "company": 1,
      "branches": null
    }
  },
  {
    "model": "geo_handbook.Director",
    "pk": 2,
    "fields": {
      "name": "Андрей",
      "surname": "Шулаев",
      "father_name": "Валерьевич",
      "position": "Директор",
      "company": 2,
      "branches": null
    }
  },
  {
    "model": "geo_handbook.Director",
    "pk": 3,
    "fields": {
      "name": "Александр",
      "surname": "Лапкин",
      "father_name": "Николаевич",
      "position": "Генеральный директор",
      "company": 3,
      "branches": null
    }
  },
  {
    "model": "geo_handbook.Director",
    "pk": 4,
    "fields": {
      "name": "Альбина",
      "surname": "Луковская",
      "father_name": "Владимировна",
      "position": "Директор",
      "company": 4,
      "branches": null
    }
  },
  {
    "model": "geo_handbook.Director",
    "pk": 5,
    "fields": {
      "name": "Ильнур",
      "surname": "Зарифьянов",
      "father_name": "Валинурович",
      "position": "Директор",
      "company": 5,
      "branches": null
    }
  },
  {
    "model": "geo_handbook.Director",
    "pk": 6,
    "fields": {
      "name": "Андрей",
      "surname": "Варичев",
      "father_name": "Владимирович",
      "position": "Управляющий директор",
      "company": 6,
      "branches": null
    }
  },
  {
    "model": "geo_handbook.Director",
    "pk": 7,
    "fields": {
      "name": "Петр",
      "surname": "Запорожец",
      "father_name": "Михайлович",
      "position": "Директор",
      "company": 7,
      "branches": null
    }
  },
  {
    "model": "geo_handbook.Director",
    "pk": 8,
    "fields": {
      "name": "Борис",
      "surname": "Седышев",
      "father_name": "Германович",
      "position": "Директор",
      "company": 8,
      "branches": null
    }
  },
  {
    "model": "geo_handbook.Director",
    "pk": 9,
    "fields": {
      "name": "Дмитрий",
      "surname": "Сучков",
      "father_name": "Сергеевич",
      "position": "Главный исполнительный директор",
      "company": 9,
      "branches": null
    }
  },
  {
    "model": "geo_handbook.Director",
    "pk": 10,
    "fields": {
      "name": "Анатолий",
      "surname": "Ермолов",
      "father_name": "Васильевич",
      "position": "Директор",
      "company": 10,
      "branches": null
    }
  },
  {
    "model": "geo_handbook.Director",
    "pk": 11,
    "fields": {
      "name": "Александр",
      "surname": "Плеханов",
      "father_name": "Степанович",
      "position": "Директор",
      "company": 1,
      "branches": 1
    }
  },
  {
    "model": "geo_handbook.Director",
    "pk": 12,
    "fields": {
      "name": "Андрей",
      "surname": "Петров",
      "father_name": "Николаевич",
      "position": "Директор",
      "company": 3,
      "branches": 2
    }
  },
  {
    "model": "geo_handbook.Director",
    "pk": 13,
    "fields": {
      "name": "Ильдар",
      "surname": "Гималтдинов",
      "father_name": "Хайдарович",
      "position": "Директор",
      "company": 3,
      "branches": 3
    }
  },
  {
    "model": "geo_handbook.Director",
    "pk": 14,
    "fields": {
      "name": "Алексей",
      "surname": "Савичев",
      "father_name": "Валерьевич",
      "position": "Директор",
      "company": 4,
      "branches": 4
    }
  },
  {
    "model": "geo_handbook.Director",
    "pk": 15,
    "fields": {
      "name": "Сергей",
      "surname": "Емельянов",
      "father_name": "Сергеевич",
      "position": "Директор",
      "company": 6,
      "branches": 5
    }
  },
  {
    "model": "geo_handbook.Director",
    "pk": 16,
    "fields": {
      "name": "Сергей",
      "surname": "Красинский",
      "father_name": "Андреевич",
      "position": "Директор",
      "company": 6,
      "branches": 7
    }
  },
  {
    "model": "geo_handbook.Director",
    "pk": 17,
    "fields": {
      "name": "Александр",
      "surname": "Власов",
      "father_name": "Викторович",
      "position": "Директор",
      "company": 7,
      "branches": 8
    }
  },
  {
    "model": "geo_handbook.Director",
    "pk": 18,
    "fields": {
      "name": "Владимир",
      "surname": "Березняков",
      "father_name": "Леонидович",
      "position": "Директор",
      "company": 9,
      "branches": 9
    }
  },
  {
    "model": "geo_handbook.Director",
    "pk": 19,
    "fields": {
      "name": "Светлана",
      "surname": "Александрова",
      "father_name": "Николаевна",
      "position": "Директор",
      "company": 10,
      "branches": 10
    }
  },
  {
    "model": "geo_handbook.Employee",
    "pk": 1,
    "fields": {
      "name": "Александра",
      "surname": "Чабан",
      "father_name": "Владимировна",
      "position": "Менеджер",
      "company": 1,
      "branches": null
    }
  },
  {
    "model": "geo_handbook.Employee",
    "pk": 2,
    "fields": {
      "name": "Андрей",
      "surname": "Аржиловский",
      "father_name": "Владимирович",
      "position": "Менеджер",
      "company": 2,
      "branches": null
    }
  },
  {
    "model": "geo_handbook.Employee",
    "pk": 3,
    "fields": {
      "name": "Ольга",
      "surname": "Барабанова",
      "father_name": "Константиновна",
      "position": "Менеджер",
      "company": 3,
      "branches": null
    }
  },
  {
    "model": "geo_handbook.Employee",
    "pk": 4,
    "fields": {
      "name": "Светлана",
      "surname": "Гирш",
      "father_name": "Рауфовна",
      "position": "Менеджер",
      "company": 4,
      "branches": null
    }
  },
  {
    "model": "geo_handbook.Employee",
    "pk": 5,
    "fields": {
      "name": "Александр",
      "surname": "Груздев",
      "father_name": "Алексеевич",
      "position": "Менеджер",
      "company": 5,
      "branches": null
    }
  },
  {
    "model": "geo_handbook.Employee",
    "pk": 6,
    "fields": {
      "name": "Владимир",
      "surname": "Лавров",
      "father_name": "Николаевич",
      "position": "Менеджер",
      "company": 6,
      "branches": null
    }
  },
  {
    "model": "geo_handbook.Employee",
    "pk": 7,
    "fields": {
      "name": "Сергей",
      "surname": "Шатохин",
      "father_name": "Петрович",
      "position": "Менеджер",
      "company": 7,
      "branches": null
    }
  },
  {
    "model": "geo_handbook.Employee",
    "pk": 8,
    "fields": {
      "name": "Галина",
      "surname": "Курбатова",
      "father_name": "Александровна",
      "position": "Менеджер",
      "company": 8,
      "branches": null
    }
  },
  {
    "model": "geo_handbook.Employee",
    "pk": 9,
    "fields": {
      "name": "Дмитрий",
      "surname": "Егоровцев",
      "father_name": "Николаевич",
      "position": "Менеджер",
      "company": 9,
      "branches": null
    }
  },
  {
    "model": "geo_handbook.Employee",
    "pk": 10,
    "fields": {
      "name": "Вячеслав",
      "surname": "Богачев",
      "father_name": "Вячеславович",
      "position": "Менеджер",
      "company": 10,
      "branches": null
    }
  },
  {
    "model": "geo_handbook.Employee",
    "pk": 11,
    "fields": {
      "name": "Евгений",
      "surname": "Смолонский",
      "father_name": "Степанович",
      "position": "Менеджер",
      "company": 1,
      "branches": 1
    }
  },
  {
    "model": "geo_handbook.Employee",
    "pk": 12,
    "fields": {
      "name": "Любовь",
      "surname": "Шаповалова",
      "father_name": "Юрьевна",
      "position": "Менеджер",
      "company": 3,
      "branches": 2
    }
  },
  {
    "model": "geo_handbook.Employee",
    "pk": 13,
    "fields": {
      "name": "Александр",
      "surname": "Зникин",
      "father_name": "Викторович",
      "position": "Менеджер",
      "company": 3,
      "branches": 3
    }
  },
  {
    "model": "geo_handbook.Employee",
    "pk": 14,
    "fields": {
      "name": "Светлана",
      "surname": "Дёгтева",
      "father_name": "Владимировна",
      "position": "Менеджер",
      "company": 4,
      "branches": 4
    }
  },
  {
    "model": "geo_handbook.Employee",
    "pk": 15,
    "fields": {
      "name": "Аркадий",
      "surname": "Петухов",
      "father_name": "Александрович",
      "position": "Менеджер",
      "company": 6,
      "branches": 5
    }
  },
  {
    "model": "geo_handbook.Employee",
    "pk": 16,
    "fields": {
      "name": "Александр",
      "surname": "Пожаров",
      "father_name": "Андреевич",
      "position": "Менеджер",
      "company": 6,
      "branches": 7
    }
  },
  {
    "model": "geo_handbook.Employee",
    "pk": 17,
    "fields": {
      "name": "Роман",
      "surname": "Тертеев",
      "father_name": "Викторович",
      "position": "Менеджер",
      "company": 7,
      "branches": 8
    }
  },
  {
    "model": "geo_handbook.Employee",
    "pk": 18,
    "fields": {
      "name": "Владимир",
      "surname": "Генсен",
      "father_name": "Дмитриевич",
      "position": "Менеджер",
      "company": 9,
      "branches": 9
    }
  },
  {
    "model": "geo_handbook.Employee",
    "pk": 19,
    "fields": {
      "name": "Марат",
      "surname": "Аблязов",
      "father_name": "Хамитович",
      "position": "Менеджер",
      "company": 10,
      "branches": 10
    }
  }
]
